node,latency_ms,deadline_ms
sensor,0.08030000026337802,100.0
sensor,0.07460001506842673,100.0
sensor,0.04809998790733516,100.0
sensor,0.050000002374872565,100.0
sensor,0.04649997572414577,100.0
sensor,0.05289999535307288,100.0
sensor,0.07860001642256975,100.0
sensor,0.086199986981228,100.0
sensor,0.06479999865405262,100.0
sensor,0.050000002374872565,100.0
sensor,0.06810002378188074,100.0
sensor,0.06079999729990959,100.0
sensor,0.066100008552894,100.0
sensor,0.06560000474564731,100.0
sensor,0.10190001921728253,100.0
sensor,0.18689999706111848,100.0
sensor,0.10890001431107521,100.0
sensor,0.044100015657022595,100.0
sensor,0.04610000178217888,100.0
sensor,0.07280000136233866,100.0
sensor,0.069500005338341,100.0
sensor,0.06319998647086322,100.0
sensor,0.11290001566521823,100.0
sensor,0.0743999844416976,100.0
sensor,0.10209999163635075,100.0
sensor,0.04680000711232424,100.0
sensor,0.06620000931434333,100.0
sensor,0.058399979025125504,100.0
sensor,0.0838999985717237,100.0
sensor,0.066100008552894,100.0
sensor,0.07330000516958535,100.0
sensor,0.07079998613335192,100.0
sensor,0.055899989092722535,100.0
sensor,0.07259999983943999,100.0
sensor,0.048999994760379195,100.0
sensor,0.08410000009462237,100.0
sensor,0.06059999577701092,100.0
sensor,0.07619999814778566,100.0
sensor,0.10350000229664147,100.0
sensor,0.09479999425821006,100.0
sensor,0.059200014220550656,100.0
sensor,0.04149999585933983,100.0
sensor,0.0805000017862767,100.0
sensor,0.054800009820610285,100.0
sensor,0.12350000906735659,100.0
sensor,0.04169999738223851,100.0
sensor,0.05929998587816954,100.0
sensor,0.07080001523718238,100.0
sensor,0.08650001836940646,100.0
sensor,0.04539999645203352,100.0
sensor,0.04370001261122525,100.0
sensor,0.06479999865405262,100.0
sensor,0.062700011767447,100.0
sensor,0.058699981309473515,100.0
sensor,0.07109998841769993,100.0
sensor,0.05150001379661262,100.0
sensor,0.07159999222494662,100.0
sensor,0.07179999374784529,100.0
sensor,0.0686999992467463,100.0
sensor,0.06510000093840063,100.0
sensor,0.08840000373311341,100.0
sensor,0.050000002374872565,100.0
sensor,0.08299999171867967,100.0
sensor,0.1601999974809587,100.0
sensor,0.17159999697469175,100.0
sensor,0.043800013372674584,100.0
sensor,0.08289999095723033,100.0
sensor,0.06180000491440296,100.0
sensor,0.12660000356845558,100.0
sensor,0.0701999815646559,100.0
sensor,0.07869998808018863,100.0
sensor,0.05560001591220498,100.0
sensor,0.06540000322274864,100.0
sensor,0.07999999797903001,100.0
sensor,0.07929999264888465,100.0
sensor,0.07730000652372837,100.0
sensor,0.15020000864751637,100.0
sensor,0.09020001743920147,100.0
sensor,0.07579999510198832,100.0
sensor,0.05639999289996922,100.0
sensor,0.06310001481324434,100.0
sensor,0.1010000123642385,100.0
sensor,0.19200000679120421,100.0
sensor,0.2443999983370304,100.0
sensor,0.11570000788196921,100.0
sensor,0.09590000263415277,100.0
sensor,0.149500003317371,100.0
sensor,0.31239999225363135,100.0
sensor,0.22070002160035074,100.0
sensor,0.066100008552894,100.0
sensor,0.09700001101009548,100.0
sensor,0.3176000027451664,100.0
sensor,0.13150001177564263,100.0
sensor,0.09319998207502067,100.0
sensor,0.11530000483617187,100.0
sensor,0.10380000458098948,100.0
sensor,0.11870000162161887,100.0
sensor,0.08440000237897038,100.0
sensor,0.11230001109652221,100.0
sensor,0.05599998985417187,100.0
sensor,0.08709999383427203,100.0
sensor,0.07529999129474163,100.0
sensor,0.3763999848160893,100.0
sensor,0.0847000046633184,100.0
sensor,0.10699999984353781,100.0
sensor,0.148899998748675,100.0
sensor,0.07490001735277474,100.0
sensor,0.1419000036548823,100.0
sensor,0.11970000923611224,100.0
sensor,0.08370002615265548,100.0
sensor,0.12390001211315393,100.0
sensor,0.1112000027205795,100.0
sensor,0.0805000017862767,100.0
sensor,0.05190001684240997,100.0
sensor,0.09810001938603818,100.0
sensor,0.08099997648969293,100.0
sensor,0.048699992476031184,100.0
sensor,0.04949999856762588,100.0
sensor,0.07619999814778566,100.0
sensor,0.05840000812895596,100.0
sensor,0.0701999815646559,100.0
sensor,0.10980002116411924,100.0
sensor,0.05110001075081527,100.0
sensor,0.11779999476857483,100.0
sensor,0.06900000153109431,100.0
sensor,0.05370000144466758,100.0
sensor,0.07139999070204794,100.0
sensor,0.07189999450929463,100.0
sensor,0.07479998748749495,100.0
sensor,0.08329999400302768,100.0
sensor,0.0686999992467463,100.0
sensor,0.08229998638853431,100.0
sensor,0.1221999991685152,100.0
sensor,0.06629998097196221,100.0
sensor,0.08929998148232698,100.0
sensor,0.0881000014487654,100.0
sensor,0.1252999936696142,100.0
sensor,0.051300012273713946,100.0
sensor,0.04859999171458185,100.0
sensor,0.07259999983943999,100.0
sensor,0.04780001472681761,100.0
sensor,0.06310001481324434,100.0
sensor,0.0557999883312732,100.0
sensor,0.06890000076964498,100.0
sensor,0.07169999298639596,100.0
sensor,0.0678999931551516,100.0
sensor,0.04800001624971628,100.0
sensor,0.06990000838413835,100.0
sensor,0.06949997623451054,100.0
sensor,0.07529999129474163,100.0
sensor,0.08789999992586672,100.0
sensor,0.05949998740106821,100.0
sensor,0.050499977078288794,100.0
sensor,0.07520001963712275,100.0
sensor,0.24950000806711614,100.0
sensor,0.05269999383017421,100.0
sensor,0.046999979531392455,100.0
sensor,0.06970000686123967,100.0
sensor,0.05189998773857951,100.0
sensor,0.12349997996352613,100.0
sensor,0.06489999941550195,100.0
sensor,0.08259998867288232,100.0
sensor,0.04700000863522291,100.0
sensor,0.1343000039923936,100.0
sensor,0.0610999995842576,100.0
sensor,0.11930000619031489,100.0
sensor,0.08399999933317304,100.0
sensor,0.047900015488266945,100.0
sensor,0.06520000169984996,100.0
sensor,0.063000014051795,100.0
sensor,0.07179999374784529,100.0
sensor,0.06749999010935426,100.0
sensor,0.05529998452402651,100.0
sensor,0.06579997716471553,100.0
sensor,0.07070001447573304,100.0
sensor,0.0847000046633184,100.0
sensor,0.07100001676008105,100.0
sensor,0.3048000216949731,100.0
sensor,0.05390000296756625,100.0
sensor,0.0667999847792089,100.0
sensor,0.07119998917914927,100.0
sensor,0.09560000034980476,100.0
sensor,0.05050000618211925,100.0
sensor,0.09029998909682035,100.0
sensor,0.06049999501556158,100.0
sensor,0.08550001075491309,100.0
sensor,0.059699988923966885,100.0
sensor,0.07330000516958535,100.0
sensor,0.049700000090524554,100.0
sensor,0.049299997044727206,100.0
sensor,0.26989998877979815,100.0
sensor,0.07819998427294195,100.0
sensor,0.05549998604692519,100.0
sensor,0.3294000052846968,100.0
sensor,0.07609999738633633,100.0
sensor,0.08680002065375447,100.0
sensor,0.1404999929945916,100.0
sensor,0.08070000330917537,100.0
sensor,0.059900019550696015,100.0
sensor,0.058999983593821526,100.0
sensor,0.09849999332800508,100.0
sensor,0.05780000356025994,100.0
sensor,0.06389999180100858,100.0
sensor,0.08600001456215978,100.0
sensor,0.12260000221431255,100.0
sensor,0.0754999928176403,100.0
sensor,0.1162000116892159,100.0
sensor,0.09769998723641038,100.0
sensor,0.1275000104214996,100.0
sensor,0.09049999061971903,100.0
sensor,0.1162000116892159,100.0
sensor,0.10269999620504677,100.0
sensor,0.06809999467805028,100.0
sensor,0.08639998850412667,100.0
sensor,0.04509999416768551,100.0
sensor,0.06469999789260328,100.0
sensor,0.09039998985826969,100.0
sensor,0.12549999519251287,100.0
sensor,0.07110001752153039,100.0
sensor,0.07589999586343765,100.0
sensor,0.06739998934790492,100.0
sensor,0.11500000255182385,100.0
sensor,0.04529999569058418,100.0
sensor,0.04709998029284179,100.0
sensor,0.06900000153109431,100.0
sensor,0.07270000060088933,100.0
sensor,0.07340000593103468,100.0
sensor,0.08630001684650779,100.0
sensor,0.06369999027810991,100.0
sensor,0.07109998841769993,100.0
sensor,0.08939998224377632,100.0
sensor,0.07550002192147076,100.0
sensor,0.07989999721758068,100.0
sensor,0.07719997665844858,100.0
sensor,0.0816000101622194,100.0
sensor,0.05699999746866524,100.0
sensor,0.07109998841769993,100.0
sensor,0.391999987186864,100.0
sensor,0.0957000011112541,100.0
sensor,0.11319998884573579,100.0
sensor,0.06639998173341155,100.0
sensor,0.09380001574754715,100.0
sensor,0.14099999680183828,100.0
sensor,0.10789997759275138,100.0
sensor,0.04849999095313251,100.0
sensor,0.08600001456215978,100.0
sensor,0.11779999476857483,100.0
sensor,0.08110000635497272,100.0
sensor,0.12289997539483011,100.0
sensor,0.08629998774267733,100.0
sensor,0.04610000178217888,100.0
sensor,0.07850001566112041,100.0
sensor,0.10260002454742789,100.0
sensor,0.10740000288933516,100.0
sensor,0.09629997657611966,100.0
sensor,0.09280000813305378,100.0
sensor,0.09270000737160444,100.0
sensor,0.05129998316988349,100.0
sensor,0.06659998325631022,100.0
sensor,0.1595000212546438,100.0
sensor,0.061400001868605614,100.0
sensor,0.05400000372901559,100.0
sensor,0.054800009820610285,100.0
sensor,0.07979999645613134,100.0
sensor,0.09560000034980476,100.0
sensor,0.0788999896030873,100.0
sensor,0.08359999628737569,100.0
sensor,0.08070000330917537,100.0
sensor,0.05189998773857951,100.0
sensor,0.07319997530430555,100.0
sensor,0.10209999163635075,100.0
sensor,0.0751999905332923,100.0
sensor,0.07730000652372837,100.0
sensor,0.07829998503439128,100.0
sensor,0.07450001430697739,100.0
sensor,0.07189999450929463,100.0
sensor,0.35349998506717384,100.0
sensor,0.0824000162538141,100.0
sensor,0.07479998748749495,100.0
sensor,0.05140001303516328,100.0
sensor,0.04840001929551363,100.0
sensor,0.07330000516958535,100.0
sensor,0.07280000136233866,100.0
sensor,0.050000002374872565,100.0
sensor,0.08280001929961145,100.0
sensor,0.05780000356025994,100.0
sensor,0.05500001134350896,100.0
sensor,0.07460001506842673,100.0
sensor,0.07990002632141113,100.0
sensor,0.05259999306872487,100.0
sensor,0.09459999273531139,100.0
sensor,0.07500001811422408,100.0
sensor,0.05729999975301325,100.0
sensor,0.10619999375194311,100.0
sensor,0.16190001042559743,100.0
sensor,0.09410001803189516,100.0
sensor,0.06669998401775956,100.0
sensor,0.07449998520314693,100.0
sensor,0.1120000088121742,100.0
sensor,0.12969999806955457,100.0
sensor,0.17750001279637218,100.0
sensor,0.0748000165913254,100.0
sensor,0.12159999459981918,100.0
sensor,0.07419998291879892,100.0
sensor,0.1109000004362315,100.0
sensor,0.08420000085607171,100.0
sensor,0.10030000703409314,100.0
sensor,0.13349999790079892,100.0
sensor,0.1218999968841672,100.0
sensor,0.1449999981559813,100.0
sensor,0.09029998909682035,100.0
sensor,0.07280000136233866,100.0
sensor,0.14590000500902534,100.0
sensor,0.2935000229626894,100.0
sensor,0.069500005338341,100.0
sensor,0.08280001929961145,100.0
sensor,0.10099998326040804,100.0
sensor,0.11250001261942089,100.0
sensor,0.23370000417344272,100.0
sensor,0.09549999958835542,100.0
sensor,0.16009999671950936,100.0
sensor,0.1145999995060265,100.0
sensor,0.05830000736750662,100.0
sensor,0.09899999713525176,100.0
sensor,0.10339997243136168,100.0
sensor,0.24349999148398638,100.0
sensor,0.6509999802801758,100.0
sensor,0.13760000001639128,100.0
sensor,0.09399998816661537,100.0
sensor,0.11439999798312783,100.0
sensor,0.10539998766034842,100.0
sensor,0.19859999883919954,100.0
sensor,0.1260999997612089,100.0
sensor,0.2108000044245273,100.0
sensor,0.12010001228190958,100.0
sensor,0.1680999994277954,100.0
sensor,0.1750999945215881,100.0
sensor,0.09849999332800508,100.0
sensor,0.10679999832063913,100.0
sensor,0.08530000923201442,100.0
sensor,0.07830001413822174,100.0
sensor,0.09099999442696571,100.0
sensor,0.24640001356601715,100.0
sensor,0.11729999096132815,100.0
sensor,0.20209999638609588,100.0
sensor,0.17649997607804835,100.0
sensor,0.16500000492669642,100.0
sensor,0.13879998004995286,100.0
sensor,0.2162999880965799,100.0
sensor,0.6359000108204782,100.0
sensor,0.1451000280212611,100.0
sensor,0.09280000813305378,100.0
sensor,0.09389998740516603,100.0
sensor,0.19419999443925917,100.0
sensor,0.09290000889450312,100.0
sensor,0.09020001743920147,100.0
sensor,0.09769998723641038,100.0
sensor,0.10350000229664147,100.0
sensor,0.09059999138116837,100.0
sensor,0.10179998935200274,100.0
sensor,0.09190000128000975,100.0
sensor,0.10450000991113484,100.0
sensor,0.08299999171867967,100.0
sensor,0.12670000432990491,100.0
sensor,0.09980000322684646,100.0
sensor,0.09929999941959977,100.0
sensor,0.09119999594986439,100.0
sensor,0.07479998748749495,100.0
sensor,0.19150000298395753,100.0
sensor,0.40060002356767654,100.0
sensor,0.07870001718401909,100.0
sensor,0.12450001668184996,100.0
sensor,0.09469999349676073,100.0
sensor,0.08709999383427203,100.0
sensor,0.08600001456215978,100.0
sensor,0.0714000198058784,100.0
sensor,0.18010000349022448,100.0
sensor,0.09450002107769251,100.0
sensor,0.09859999408945441,100.0
sensor,0.08170001092366874,100.0
sensor,0.07340000593103468,100.0
sensor,0.25939999613910913,100.0
sensor,0.08800000068731606,100.0
sensor,0.09059999138116837,100.0
sensor,0.13410000246949494,100.0
sensor,0.10040000779554248,100.0
sensor,0.11389999417588115,100.0
sensor,0.1283999881707132,100.0
sensor,0.07119998917914927,100.0
sensor,0.07909999112598598,100.0
sensor,0.07850001566112041,100.0
sensor,0.07029998232610524,100.0
sensor,0.0858000130392611,100.0
sensor,0.1005999802146107,100.0
sensor,0.08430000161752105,100.0
sensor,0.06439999560825527,100.0
sensor,0.07929999264888465,100.0
sensor,0.08600001456215978,100.0
sensor,0.06750001921318471,100.0
sensor,0.07609999738633633,100.0
sensor,0.11850000009872019,100.0
sensor,0.07999999797903001,100.0
sensor,0.09670000872574747,100.0
sensor,0.13909998233430088,100.0
sensor,0.1790999958757311,100.0
sensor,0.083099992480129,100.0
sensor,0.08319999324157834,100.0
sensor,0.07259999983943999,100.0
sensor,0.1188000023830682,100.0
sensor,0.08379999781027436,100.0
sensor,0.07169999298639596,100.0
sensor,0.08779999916441739,100.0
sensor,0.08860000525601208,100.0
sensor,0.11850000009872019,100.0
sensor,0.08480000542476773,100.0
sensor,0.08630001684650779,100.0
sensor,0.12429998605512083,100.0
sensor,0.08399999933317304,100.0
sensor,0.07300000288523734,100.0
sensor,0.0771000050008297,100.0
sensor,0.2403999969828874,100.0
sensor,0.13279999257065356,100.0
sensor,0.08170001092366874,100.0
sensor,0.14260000898502767,100.0
sensor,0.09469999349676073,100.0
sensor,0.09360001422464848,100.0
sensor,0.11039999662898481,100.0
sensor,0.08960001287050545,100.0
sensor,0.11480000102892518,100.0
sensor,0.07619999814778566,100.0
sensor,0.12510002125054598,100.0
sensor,0.0743999844416976,100.0
sensor,0.07569999434053898,100.0
sensor,0.24129997473210096,100.0
sensor,0.12959999730810523,100.0
sensor,0.07940002251416445,100.0
sensor,0.07910002022981644,100.0
sensor,0.07169999298639596,100.0
sensor,0.07670000195503235,100.0
sensor,0.0816000101622194,100.0
sensor,0.18280002404935658,100.0
sensor,0.1044000091496855,100.0
sensor,0.06070002564229071,100.0
sensor,0.09949997183866799,100.0
sensor,0.3191000141669065,100.0
sensor,0.08100000559352338,100.0
sensor,0.0850000069476664,100.0
sensor,0.6191999709699303,100.0
sensor,0.09449999197386205,100.0
sensor,0.07879998884163797,100.0
sensor,0.0790000194683671,100.0
sensor,0.058200006606057286,100.0
sensor,0.0982999918051064,100.0
sensor,0.08339999476447701,100.0
sensor,0.08699999307282269,100.0
sensor,0.07670000195503235,100.0
sensor,0.11490000179037452,100.0
sensor,0.08110000635497272,100.0
sensor,0.10130001464858651,100.0
sensor,0.15970002277754247,100.0
sensor,0.08759999764151871,100.0
sensor,0.0751999905332923,100.0
sensor,0.12550002429634333,100.0
sensor,0.09129999671131372,100.0
sensor,0.08680002065375447,100.0
sensor,0.1086000120267272,100.0
sensor,0.17460001981817186,100.0
sensor,0.09050001972354949,100.0
sensor,0.0858000130392611,100.0
sensor,0.08060000254772604,100.0
sensor,0.09129999671131372,100.0
sensor,0.11250001261942089,100.0
sensor,0.2786999975796789,100.0
sensor,0.09079999290406704,100.0
sensor,0.09529999806545675,100.0
sensor,0.10190001921728253,100.0
sensor,0.235399988014251,100.0
sensor,0.11210000957362354,100.0
sensor,0.061700004152953625,100.0
sensor,0.07770000956952572,100.0
sensor,0.12849998893216252,100.0
sensor,0.08339999476447701,100.0
sensor,0.2677000011317432,100.0
sensor,0.07569999434053898,100.0
sensor,0.0957000011112541,100.0
sensor,0.0824000162538141,100.0
sensor,0.13710002531297505,100.0
sensor,0.3930999955628067,100.0
sensor,0.1619999820832163,100.0
sensor,0.06799999391660094,100.0
sensor,0.0914999982342124,100.0
sensor,0.25400001322850585,100.0
sensor,0.2843999827746302,100.0
sensor,0.08009999874047935,100.0
sensor,0.08349999552592635,100.0
sensor,0.14789999113418162,100.0
sensor,0.08599998545832932,100.0
sensor,0.2531000063754618,100.0
sensor,0.1928000128827989,100.0
sensor,0.09580000187270343,100.0
sensor,0.07830001413822174,100.0
sensor,0.06689998554065824,100.0
sensor,0.09640000644139946,100.0
sensor,0.08210001396946609,100.0
sensor,0.09469999349676073,100.0
sensor,0.05429997690953314,100.0
sensor,0.10559998918324709,100.0
sensor,0.05880001117475331,100.0
sensor,0.05390000296756625,100.0
sensor,0.07579999510198832,100.0
sensor,0.053599971579387784,100.0
sensor,0.07320000440813601,100.0
sensor,0.05339999916031957,100.0
sensor,0.05190001684240997,100.0
sensor,0.0686999992467463,100.0
sensor,0.06859999848529696,100.0
sensor,0.09519999730400741,100.0
sensor,0.05800000508315861,100.0
sensor,0.06469999789260328,100.0
sensor,0.16949998098425567,100.0
sensor,0.052799994591623545,100.0
sensor,0.07869998808018863,100.0
sensor,0.055899989092722535,100.0
sensor,0.07379997987300158,100.0
sensor,0.05169998621568084,100.0
sensor,0.05189998773857951,100.0
sensor,0.4146999854128808,100.0
sensor,0.048999994760379195,100.0
sensor,0.09169999975711107,100.0
sensor,0.079699995694682,100.0
sensor,0.05560001591220498,100.0
sensor,0.07609999738633633,100.0
sensor,0.054899981478229165,100.0
sensor,0.06649998249486089,100.0
sensor,0.05319999763742089,100.0
sensor,0.0737000082153827,100.0
sensor,0.07310000364668667,100.0
sensor,0.08640001760795712,100.0
sensor,0.11589998030103743,100.0
sensor,0.09529999806545675,100.0
sensor,0.099799974123016,100.0
sensor,0.08110000635497272,100.0
sensor,0.079699995694682,100.0
sensor,0.08650001836940646,100.0
sensor,0.055100012104958296,100.0
sensor,0.11530000483617187,100.0
sensor,0.09849999332800508,100.0
sensor,0.0523999915458262,100.0
sensor,0.0610999995842576,100.0
sensor,0.08659999002702534,100.0
sensor,0.1914000022225082,100.0
sensor,0.0709999876562506,100.0
sensor,0.057199998991563916,100.0
sensor,0.08840000373311341,100.0
sensor,0.05569998756982386,100.0
sensor,0.06730001769028604,100.0
sensor,0.06309998570941389,100.0
sensor,0.066100008552894,100.0
sensor,0.05440000677481294,100.0
sensor,0.06990000838413835,100.0
sensor,0.05339999916031957,100.0
sensor,0.07899999036453664,100.0
sensor,0.06810002378188074,100.0
sensor,0.0720999960321933,100.0
sensor,0.04650000482797623,100.0
sensor,0.0872999953571707,100.0
sensor,0.06079999729990959,100.0
sensor,0.07500001811422408,100.0
sensor,0.06160000339150429,100.0
sensor,0.06399999256245792,100.0
sensor,0.07020001066848636,100.0
sensor,0.07149999146349728,100.0
sensor,0.10350000229664147,100.0
sensor,0.05840000812895596,100.0
sensor,0.1092999882530421,100.0
sensor,0.11339999036863446,100.0
sensor,0.08739999611862004,100.0
sensor,0.07160002132877707,100.0
sensor,0.08709999383427203,100.0
sensor,0.07979999645613134,100.0
sensor,0.10510001447983086,100.0
sensor,0.07989999721758068,100.0
sensor,0.12769998284056783,100.0
sensor,0.07569999434053898,100.0
sensor,0.09960000170394778,100.0
sensor,0.0754999928176403,100.0
sensor,0.07879998884163797,100.0
sensor,0.10710000060498714,100.0
sensor,0.13310002395883203,100.0
sensor,0.24480000138282776,100.0
sensor,0.05780000356025994,100.0
sensor,0.0706000137142837,100.0
sensor,0.0892000098247081,100.0
sensor,0.0706000137142837,100.0
sensor,0.0610999995842576,100.0
sensor,1.9059999904129654,100.0
sensor,0.08349999552592635,100.0
sensor,0.0858000130392611,100.0
sensor,0.05289999535307288,100.0
sensor,0.056500022765249014,100.0
sensor,0.0934000127017498,100.0
sensor,0.09789998875930905,100.0
sensor,0.12100001913495362,100.0
controller,0.2992000081576407,80.0
controller,0.04089999129064381,80.0
controller,0.022499996703118086,80.0
controller,0.035500008380040526,80.0
controller,0.02069998299703002,80.0
controller,0.024399982066825032,80.0
controller,0.019500002963468432,80.0
controller,0.031000003218650818,80.0
controller,0.0439999857917428,80.0
controller,0.02370000584051013,80.0
controller,0.028600014047697186,80.0
controller,0.020800012862309813,80.0
controller,0.03940000897273421,80.0
controller,0.031400006264448166,80.0
controller,0.03919997834600508,80.0
controller,0.03540000761859119,80.0
controller,0.029999995604157448,80.0
controller,0.030399998649954796,80.0
controller,0.03279998782090843,80.0
controller,0.015700003132224083,80.0
controller,0.02910001785494387,80.0
controller,0.022499996703118086,80.0
controller,0.03860000288113952,80.0
controller,0.026900001103058457,80.0
controller,0.03709999145939946,80.0
controller,0.029199989512562752,80.0
controller,0.032899988582357764,80.0
controller,0.034199998481199145,80.0
controller,0.03940000897273421,80.0
controller,0.028000009479001164,80.0
controller,0.02759997732937336,80.0
controller,0.03330002073198557,80.0
controller,0.032100011594593525,80.0
controller,0.04650000482797623,80.0
controller,0.03960001049563289,80.0
controller,0.027699978090822697,80.0
controller,0.021499989088624716,80.0
controller,0.020000006770715117,80.0
controller,0.019500002963468432,80.0
controller,0.02859998494386673,80.0
controller,0.03759999526664615,80.0
controller,0.0357000099029392,80.0
controller,0.03170000854879618,80.0
controller,0.015900004655122757,80.0
controller,0.03060000017285347,80.0
controller,0.02020000829361379,80.0
controller,0.021700019715353847,80.0
controller,0.03660001675598323,80.0
controller,0.02440001117065549,80.0
controller,0.020500010577961802,80.0
controller,0.020099978428333998,80.0
controller,0.05129998316988349,80.0
controller,0.034500000765547156,80.0
controller,0.020500010577961802,80.0
controller,0.031800009310245514,80.0
controller,0.023500004317611456,80.0
controller,0.022499996703118086,80.0
controller,0.02370000584051013,80.0
controller,0.035900011425837874,80.0
controller,0.024200009647756815,80.0
controller,0.03170000854879618,80.0
controller,0.03200001083314419,80.0
controller,0.034199998481199145,80.0
controller,0.029999995604157448,80.0
controller,0.04020001506432891,80.0
controller,0.030399998649954796,80.0
controller,0.03209998249076307,80.0
controller,0.03029999788850546,80.0
controller,0.03130000550299883,80.0
controller,0.032800016924738884,80.0
controller,0.029700022423639894,80.0
controller,0.020799983758479357,80.0
controller,0.03740002284757793,80.0
controller,0.022499996703118086,80.0
controller,0.028000009479001164,80.0
controller,0.03789999755099416,80.0
controller,0.041099992813542485,80.0
controller,0.041000021155923605,80.0
controller,0.04529999569058418,80.0
controller,0.03980001201853156,80.0
controller,0.044899992644786835,80.0
controller,0.05259999306872487,80.0
controller,0.04119999357499182,80.0
controller,0.04990000161342323,80.0
controller,0.05530001362785697,80.0
controller,0.07800001185387373,80.0
controller,0.0467000063508749,80.0
controller,0.05520001286640763,80.0
controller,0.05470000905916095,80.0
controller,0.04709998029284179,80.0
controller,0.055199983762577176,80.0
controller,0.1542000100016594,80.0
controller,0.04230000195093453,80.0
controller,0.045199994929134846,80.0
controller,0.047200010158121586,80.0
controller,0.04199999966658652,80.0
controller,0.040799990529194474,80.0
controller,0.04099999205209315,80.0
controller,0.045100023271515965,80.0
controller,0.04349998198449612,80.0
controller,0.04320000880397856,80.0
controller,0.6722999969497323,80.0
controller,0.07029998232610524,80.0
controller,0.04080001963302493,80.0
controller,0.04689997876994312,80.0
controller,0.045900000259280205,80.0
controller,0.03789999755099416,80.0
controller,0.536899984581396,80.0
controller,0.03860000288113952,80.0
controller,0.06959997699595988,80.0
controller,0.04060001811012626,80.0
controller,0.041799998143687844,80.0
controller,0.026299996534362435,80.0
controller,0.034199998481199145,80.0
controller,0.041799998143687844,80.0
controller,0.049299997044727206,80.0
controller,0.024900014977902174,80.0
controller,0.03920000744983554,80.0
controller,0.03989998367615044,80.0
controller,0.03640001523308456,80.0
controller,0.04700000863522291,80.0
controller,0.04409998655319214,80.0
controller,0.035999983083456755,80.0
controller,0.04119999357499182,80.0
controller,0.031200004741549492,80.0
controller,0.023200002033263445,80.0
controller,0.023900007363408804,80.0
controller,0.03290001768618822,80.0
controller,0.02609999501146376,80.0
controller,0.04949999856762588,80.0
controller,0.03530000685714185,80.0
controller,0.03369999467395246,80.0
controller,0.05709999823011458,80.0
controller,0.03370002377778292,80.0
controller,0.03510000533424318,80.0
controller,0.04379998426884413,80.0
controller,0.03649998689070344,80.0
controller,0.03749999450519681,80.0
controller,0.020199979189783335,80.0
controller,0.024800014216452837,80.0
controller,0.022799998987466097,80.0
controller,0.03460000152699649,80.0
controller,0.0363999861292541,80.0
controller,0.023200002033263445,80.0
controller,0.021899992134422064,80.0
controller,0.026299996534362435,80.0
controller,0.02239999594166875,80.0
controller,0.028699985705316067,80.0
controller,0.02269999822601676,80.0
controller,0.023900007363408804,80.0
controller,0.03359999391250312,80.0
controller,0.022599997464567423,80.0
controller,0.034199998481199145,80.0
controller,0.033899996196851134,80.0
controller,0.036900019040331244,80.0
controller,0.033199990866705775,80.0
controller,0.03200001083314419,80.0
controller,0.030099996365606785,80.0
controller,0.036699988413602114,80.0
controller,0.030199997127056122,80.0
controller,0.04010001430287957,80.0
controller,0.04959999932907522,80.0
controller,0.019700004486367106,80.0
controller,0.04600000102072954,80.0
controller,0.02950002090074122,80.0
controller,0.04199999966658652,80.0
controller,0.031800009310245514,80.0
controller,0.03709999145939946,80.0
controller,0.04020001506432891,80.0
controller,0.02440001117065549,80.0
controller,0.02829998265951872,80.0
controller,0.03890000516548753,80.0
controller,0.02269999822601676,80.0
controller,0.04390001413412392,80.0
controller,0.03579998156055808,80.0
controller,0.025999994250014424,80.0
controller,0.03270001616328955,80.0
controller,0.03580001066438854,80.0
controller,0.02169999061152339,80.0
controller,0.024500011932104826,80.0
controller,0.04169999738223851,80.0
controller,0.039000005926936865,80.0
controller,0.03779999678954482,80.0
controller,0.02710000262595713,80.0
controller,0.03609998384490609,80.0
controller,0.02549999044276774,80.0
controller,0.019099999917671084,80.0
controller,0.031200004741549492,80.0
controller,0.0501000031363219,80.0
controller,0.020099978428333998,80.0
controller,0.021899992134422064,80.0
controller,0.03309999010525644,80.0
controller,0.030700000934302807,80.0
controller,0.030399998649954796,80.0
controller,0.02929999027401209,80.0
controller,0.018699996871873736,80.0
controller,0.017399986973032355,80.0
controller,0.04199999966658652,80.0
controller,0.046999979531392455,80.0
controller,0.035200006095692515,80.0
controller,0.03500000457279384,80.0
controller,0.03309999010525644,80.0
controller,0.03480000304989517,80.0
controller,0.04230000195093453,80.0
controller,0.03890000516548753,80.0
controller,0.0501000031363219,80.0
controller,0.03540000761859119,80.0
controller,0.03409999771974981,80.0
controller,0.0447999918833375,80.0
controller,0.028300011763349175,80.0
controller,0.08789999992586672,80.0
controller,0.04189999890513718,80.0
controller,0.03789999755099416,80.0
controller,0.035999983083456755,80.0
controller,0.02720000338740647,80.0
controller,0.021899992134422064,80.0
controller,0.031100003980100155,80.0
controller,0.035900011425837874,80.0
controller,0.029000017093494534,80.0
controller,0.03950000973418355,80.0
controller,0.023100001271814108,80.0
controller,0.04700000863522291,80.0
controller,0.029300019377842546,80.0
controller,0.03369999467395246,80.0
controller,0.04220000118948519,80.0
controller,0.050000002374872565,80.0
controller,0.022700027329847217,80.0
controller,0.041799998143687844,80.0
controller,0.028000009479001164,80.0
controller,0.024200009647756815,80.0
controller,0.030199997127056122,80.0
controller,0.037999998312443495,80.0
controller,0.01920000067912042,80.0
controller,0.030800001695752144,80.0
controller,0.04420001641847193,80.0
controller,0.03689998993650079,80.0
controller,0.03649998689070344,80.0
controller,0.03409999771974981,80.0
controller,0.04169999738223851,80.0
controller,0.03989998367615044,80.0
controller,0.025100016500800848,80.0
controller,0.032899988582357764,80.0
controller,0.03680001827888191,80.0
controller,0.16090000281110406,80.0
controller,0.04949999856762588,80.0
controller,0.026299996534362435,80.0
controller,0.03530000685714185,80.0
controller,0.03850000211969018,80.0
controller,0.03619998460635543,80.0
controller,0.034500000765547156,80.0
controller,0.03239998477511108,80.0
controller,0.03399999695830047,80.0
controller,0.03339999238960445,80.0
controller,0.0399000127799809,80.0
controller,0.04909999552182853,80.0
controller,0.04349998198449612,80.0
controller,0.0391000066883862,80.0
controller,0.023500004317611456,80.0
controller,0.04060001811012626,80.0
controller,0.023399974452331662,80.0
controller,0.035500008380040526,80.0
controller,0.03519997699186206,80.0
controller,0.041000021155923605,80.0
controller,0.03980001201853156,80.0
controller,0.04990000161342323,80.0
controller,0.04029998672194779,80.0
controller,0.04230000195093453,80.0
controller,0.02710000262595713,80.0
controller,0.025300018023699522,80.0
controller,0.036500015994533896,80.0
controller,0.026599998818710446,80.0
controller,0.02609999501146376,80.0
controller,0.03789999755099416,80.0
controller,0.023300002794712782,80.0
controller,0.025100016500800848,80.0
controller,0.028900016332045197,80.0
controller,0.10840001050382853,80.0
controller,0.042800005758181214,80.0
controller,0.04199999966658652,80.0
controller,0.03969998215325177,80.0
controller,0.03510000533424318,80.0
controller,0.11439999798312783,80.0
controller,0.025200017262250185,80.0
controller,0.02440001117065549,80.0
controller,0.030800001695752144,80.0
controller,0.03680001827888191,80.0
controller,0.13069997658021748,80.0
controller,0.024800014216452837,80.0
controller,0.038700003642588854,80.0
controller,0.02750000567175448,80.0
controller,0.04630000330507755,80.0
controller,0.03759999526664615,80.0
controller,0.04220000118948519,80.0
controller,0.0371999922208488,80.0
controller,0.03090000245720148,80.0
controller,0.042800005758181214,80.0
controller,0.04740001168102026,80.0
controller,0.038700003642588854,80.0
controller,0.04800001624971628,80.0
controller,0.04220000118948519,80.0
controller,0.03709999145939946,80.0
controller,0.05679999594576657,80.0
controller,0.04060001811012626,80.0
controller,0.05269999383017421,80.0
controller,0.02989999484270811,80.0
controller,0.04050001734867692,80.0
controller,0.040099985199049115,80.0
controller,0.03510000533424318,80.0
controller,0.03330002073198557,80.0
controller,0.054500007536262274,80.0
controller,0.030700000934302807,80.0
controller,0.03530000685714185,80.0
controller,0.03610001294873655,80.0
controller,0.03940000897273421,80.0
controller,0.03470000228844583,80.0
controller,0.04789998638443649,80.0
controller,0.03209998249076307,80.0
controller,0.03480000304989517,80.0
controller,0.04049998824484646,80.0
controller,0.046600005589425564,80.0
controller,0.04639997496269643,80.0
controller,0.04049998824484646,80.0
controller,0.029400020139291883,80.0
controller,0.04800001624971628,80.0
controller,0.5054000066593289,80.0
controller,0.062099978094920516,80.0
controller,0.05040000542066991,80.0
controller,0.03819999983534217,80.0
controller,0.04939999780617654,80.0
controller,1.7482000112067908,80.0
controller,0.04260000423528254,80.0
controller,0.04870002157986164,80.0
controller,0.027700007194653153,80.0
controller,0.04919999628327787,80.0
controller,0.044199987314641476,80.0
controller,0.04029998672194779,80.0
controller,0.04339998122304678,80.0
controller,0.042100000428035855,80.0
controller,0.04029998672194779,80.0
controller,0.03860000288113952,80.0
controller,0.04099999205209315,80.0
controller,0.03740002284757793,80.0
controller,0.1238000113517046,80.0
controller,0.06029999349266291,80.0
controller,0.05980001878924668,80.0
controller,0.05870001041330397,80.0
controller,0.05709999823011458,80.0
controller,0.07999999797903001,80.0
controller,0.0638000201433897,80.0
controller,0.04549999721348286,80.0
controller,0.052099989261478186,80.0
controller,0.07189999450929463,80.0
controller,0.03789999755099416,80.0
controller,0.05289999535307288,80.0
controller,0.05360000068321824,80.0
controller,0.042100000428035855,80.0
controller,0.041099992813542485,80.0
controller,0.04789998638443649,80.0
controller,0.0481999886687845,80.0
controller,0.04789998638443649,80.0
controller,0.035900011425837874,80.0
controller,0.042100000428035855,80.0
controller,0.050000002374872565,80.0
controller,0.06479999865405262,80.0
controller,0.052799994591623545,80.0
controller,0.045199994929134846,80.0
controller,0.04839999019168317,80.0
controller,0.04770001396536827,80.0
controller,0.028399983420968056,80.0
controller,0.03460000152699649,80.0
controller,0.0475000124424696,80.0
controller,0.04539999645203352,80.0
controller,0.04630000330507755,80.0
controller,0.039700011257082224,80.0
controller,0.04680000711232424,80.0
controller,0.027000001864507794,80.0
controller,0.03889997606165707,80.0
controller,0.05269999383017421,80.0
controller,0.04509999416768551,80.0
controller,0.03749999450519681,80.0
controller,0.03549997927621007,80.0
controller,0.04230000195093453,80.0
controller,0.04740001168102026,80.0
controller,0.03819999983534217,80.0
controller,0.05950001650489867,80.0
controller,0.04980000085197389,80.0
controller,0.044599990360438824,80.0
controller,0.03660001675598323,80.0
controller,0.04379998426884413,80.0
controller,0.046200002543628216,80.0
controller,0.03880000440403819,80.0
controller,0.024699984351173043,80.0
controller,0.04159999662078917,80.0
controller,0.04300000728107989,80.0
controller,0.04570002784021199,80.0
controller,0.026599998818710446,80.0
controller,0.04730001091957092,80.0
controller,0.06729998858645558,80.0
controller,0.04119999357499182,80.0
controller,0.027000001864507794,80.0
controller,0.05639999289996922,80.0
controller,0.033199990866705775,80.0
controller,0.04850002005696297,80.0
controller,0.05060000694356859,80.0
controller,0.03429999924264848,80.0
controller,0.04809998790733516,80.0
controller,0.04350001108832657,80.0
controller,0.04579999949783087,80.0
controller,0.03919997834600508,80.0
controller,0.04169999738223851,80.0
controller,0.04290000651963055,80.0
controller,1.0244000004604459,80.0
controller,0.045900000259280205,80.0
controller,0.054100004490464926,80.0
controller,0.0475000124424696,80.0
controller,0.050700007705017924,80.0
controller,0.047600013203918934,80.0
controller,0.03819999983534217,80.0
controller,0.04849999095313251,80.0
controller,0.028499984182417393,80.0
controller,0.0425000034738332,80.0
controller,0.04859999171458185,80.0
controller,0.04800001624971628,80.0
controller,0.03399999695830047,80.0
controller,0.046200002543628216,80.0
controller,0.07249999907799065,80.0
controller,0.04429998807609081,80.0
controller,0.041700026486068964,80.0
controller,0.0577000027988106,80.0
controller,0.04450001870281994,80.0
controller,0.04350001108832657,80.0
controller,0.041799998143687844,80.0
controller,0.04630000330507755,80.0
controller,0.09280000813305378,80.0
controller,0.04119999357499182,80.0
controller,0.042800005758181214,80.0
controller,0.03850000211969018,80.0
controller,0.04429998807609081,80.0
controller,0.043400010326877236,80.0
controller,0.0391000066883862,80.0
controller,0.04849999095313251,80.0
controller,0.044199987314641476,80.0
controller,0.043599982745945454,80.0
controller,0.047699984861537814,80.0
controller,0.03840000135824084,80.0
controller,0.04010001430287957,80.0
controller,0.047600013203918934,80.0
controller,0.042400002712383866,80.0
controller,0.04529999569058418,80.0
controller,0.04449998959898949,80.0
controller,0.042400002712383866,80.0
controller,0.04530002479441464,80.0
controller,0.04329998046159744,80.0
controller,0.035500008380040526,80.0
controller,0.043400010326877236,80.0
controller,0.0371999922208488,80.0
controller,0.03360002301633358,80.0
controller,0.042100000428035855,80.0
controller,0.06629998097196221,80.0
controller,0.04640000406652689,80.0
controller,0.04050001734867692,80.0
controller,0.10519998613744974,80.0
controller,0.04800001624971628,80.0
controller,0.04789998638443649,80.0
controller,0.05660002352669835,80.0
controller,0.04099999205209315,80.0
controller,0.06520000169984996,80.0
controller,0.04549999721348286,80.0
controller,0.04499999340623617,80.0
controller,0.043199979700148106,80.0
controller,0.02850001328624785,80.0
controller,0.041799998143687844,80.0
controller,0.08349999552592635,80.0
controller,0.05879998207092285,80.0
controller,0.042400002712383866,80.0
controller,0.05420000525191426,80.0
controller,0.031100003980100155,80.0
controller,0.242199981585145,80.0
controller,0.04680000711232424,80.0
controller,0.05219999002292752,80.0
controller,0.04849999095313251,80.0
controller,0.03709999145939946,80.0
controller,0.05440000677481294,80.0
controller,0.049700000090524554,80.0
controller,0.049299997044727206,80.0
controller,0.054500007536262274,80.0
controller,0.04789998638443649,80.0
controller,0.4731999943032861,80.0
controller,0.0467000063508749,80.0
controller,0.08850000449456275,80.0
controller,0.053499999921768904,80.0
controller,0.046600005589425564,80.0
controller,0.05379997310228646,80.0
controller,0.032199983252212405,80.0
controller,0.03880000440403819,80.0
controller,0.057600002037361264,80.0
controller,0.07029998232610524,80.0
controller,0.042800005758181214,80.0
controller,0.047600013203918934,80.0
controller,0.05160001455806196,80.0
controller,0.0523999915458262,80.0
controller,0.03269998705945909,80.0
controller,0.048299989430233836,80.0
controller,0.038300000596791506,80.0
controller,0.03350002225488424,80.0
controller,0.040799990529194474,80.0
controller,0.02300000051036477,80.0
controller,0.038300000596791506,80.0
controller,0.035699980799108744,80.0
controller,0.031400006264448166,80.0
controller,0.037299992982298136,80.0
controller,0.022199994418770075,80.0
controller,0.022599997464567423,80.0
controller,0.026300025638192892,80.0
controller,0.034500000765547156,80.0
controller,0.024399982066825032,80.0
controller,0.022099993657320738,80.0
controller,0.03950000973418355,80.0
controller,0.02440001117065549,80.0
controller,0.023600005079060793,80.0
controller,0.02239999594166875,80.0
controller,0.037999998312443495,80.0
controller,0.03779999678954482,80.0
controller,0.03679998917505145,80.0
controller,0.0523999915458262,80.0
controller,0.02300000051036477,80.0
controller,0.03689998993650079,80.0
controller,0.021499989088624716,80.0
controller,0.03530000685714185,80.0
controller,0.03260001540184021,80.0
controller,0.06379999103955925,80.0
controller,0.04339998122304678,80.0
controller,0.03960001049563289,80.0
controller,0.022899999748915434,80.0
controller,0.034199998481199145,80.0
controller,0.02710000262595713,80.0
controller,0.040399987483397126,80.0
controller,0.035500008380040526,80.0
controller,0.04040001658722758,80.0
controller,0.02030000905506313,80.0
controller,0.022000021999701858,80.0
controller,0.042800005758181214,80.0
controller,0.03170000854879618,80.0
controller,0.04469999112188816,80.0
controller,0.024200009647756815,80.0
controller,0.02519998815841973,80.0
controller,0.04499999340623617,80.0
controller,0.025200017262250185,80.0
controller,0.035999983083456755,80.0
controller,0.043400010326877236,80.0
controller,0.04260000423528254,80.0
controller,0.04159999662078917,80.0
controller,0.031200004741549492,80.0
controller,0.04290000651963055,80.0
controller,0.04230000195093453,80.0
controller,0.021100015146657825,80.0
controller,0.05370000144466758,80.0
controller,0.039700011257082224,80.0
controller,0.03559998003765941,80.0
controller,0.03190001007169485,80.0
controller,0.02859998494386673,80.0
controller,0.03779999678954482,80.0
controller,0.026299996534362435,80.0
controller,0.039700011257082224,80.0
controller,0.03530000685714185,80.0
controller,0.04050001734867692,80.0
controller,0.0357000099029392,80.0
controller,0.02780000795610249,80.0
controller,0.025399989681318402,80.0
controller,0.023600005079060793,80.0
controller,0.04199999966658652,80.0
controller,0.024600012693554163,80.0
controller,0.04099999205209315,80.0
controller,0.03940000897273421,80.0
controller,0.041300023440271616,80.0
controller,0.043100008042529225,80.0
controller,0.036999990697950125,80.0
controller,0.045199994929134846,80.0
controller,0.03779999678954482,80.0
controller,0.042800005758181214,80.0
controller,0.04040001658722758,80.0
controller,0.03789999755099416,80.0
controller,0.046600005589425564,80.0
controller,0.03130000550299883,80.0
controller,0.06510000093840063,80.0
controller,0.050000002374872565,80.0
controller,0.04549999721348286,80.0
controller,0.02929999027401209,80.0
controller,0.043199979700148106,80.0
controller,0.04159999662078917,80.0
controller,0.041000021155923605,80.0
controller,0.040399987483397126,80.0
controller,0.023100001271814108,80.0
controller,0.041799998143687844,80.0
controller,0.02750000567175448,80.0
controller,0.056599994422867894,80.0
controller,0.040300015825778246,80.0
controller,0.025399989681318402,80.0
controller,0.026900001103058457,80.0
controller,0.04260000423528254,80.0
controller,0.02519998815841973,80.0
controller,0.02750000567175448,80.0
controller,0.04290000651963055,80.0
actuator,0.00890000956133008,50.0
actuator,0.00689999433234334,50.0
actuator,0.0044000043999403715,50.0
actuator,0.004599976819008589,50.0
actuator,0.0046000059228390455,50.0
actuator,0.0044000043999403715,50.0
actuator,0.0047000066842883825,50.0
actuator,0.006599992047995329,50.0
actuator,0.012500007869675756,50.0
actuator,0.006000016583129764,50.0
actuator,0.006000016583129764,50.0
actuator,0.0039000005926936865,50.0
actuator,0.0041000021155923605,50.0
actuator,0.006399990525096655,50.0
actuator,0.007199996616691351,50.0
actuator,0.006399990525096655,50.0
actuator,0.012100004823878407,50.0
actuator,0.0042000028770416975,50.0
actuator,0.0040000013541430235,50.0
actuator,0.0044000043999403715,50.0
actuator,0.0053000112529844046,50.0
actuator,0.005700014298781753,50.0
actuator,0.006599992047995329,50.0
actuator,0.0043000036384910345,50.0
actuator,0.008400005754083395,50.0
actuator,0.0050000089686363935,50.0
actuator,0.005299982149153948,50.0
actuator,0.006500020390376449,50.0
actuator,0.007299997378140688,50.0
actuator,0.006000016583129764,50.0
actuator,0.005900015821680427,50.0
actuator,0.008600007276982069,50.0
actuator,0.0052000104915350676,50.0
actuator,0.005900015821680427,50.0
actuator,0.0049000082071870565,50.0
actuator,0.0045000051613897085,50.0
actuator,0.005900015821680427,50.0
actuator,0.0052000104915350676,50.0
actuator,0.0042000028770416975,50.0
actuator,0.0047000066842883825,50.0
actuator,0.010700023267418146,50.0
actuator,0.0048000074457377195,50.0
actuator,0.005500012775883079,50.0
actuator,0.0046000059228390455,50.0
actuator,0.005500012775883079,50.0
actuator,0.0043000036384910345,50.0
actuator,0.005299982149153948,50.0
actuator,0.010799994925037026,50.0
actuator,0.010199990356341004,50.0
actuator,0.005999987479299307,50.0
actuator,0.004499976057559252,50.0
actuator,0.008800008799880743,50.0
actuator,0.006699992809444666,50.0
actuator,0.009299983503296971,50.0
actuator,0.004299974534660578,50.0
actuator,0.0048000074457377195,50.0
actuator,0.007000024197623134,50.0
actuator,0.0049000082071870565,50.0
actuator,0.005900015821680427,50.0
actuator,0.005399982910603285,50.0
actuator,0.008200004231184721,50.0
actuator,0.0051000097300857306,50.0
actuator,0.007599999662488699,50.0
actuator,0.006600021151825786,50.0
actuator,0.008499977411702275,50.0
actuator,0.0051000097300857306,50.0
actuator,0.004699977580457926,50.0
actuator,0.005599984433501959,50.0
actuator,0.006599992047995329,50.0
actuator,0.006400019628927112,50.0
actuator,0.006799993570894003,50.0
actuator,0.00689999433234334,50.0
actuator,0.005500012775883079,50.0
actuator,0.0048000074457377195,50.0
actuator,0.007899972843006253,50.0
actuator,0.006799993570894003,50.0
actuator,0.00899998121894896,50.0
actuator,0.011800002539530396,50.0
actuator,0.008799979696050286,50.0
actuator,0.005900015821680427,50.0
actuator,0.009100011084228754,50.0
actuator,0.008100003469735384,50.0
actuator,0.00999998883344233,50.0
actuator,0.011800002539530396,50.0
actuator,0.010899995686486363,50.0
actuator,0.014699995517730713,50.0
actuator,0.012299977242946625,50.0
actuator,0.012100004823878407,50.0
actuator,0.012900010915473104,50.0
actuator,0.011500000255182385,50.0
actuator,0.01069999416358769,50.0
actuator,0.01090002479031682,50.0
actuator,0.011399999493733048,50.0
actuator,0.012300006346777081,50.0
actuator,0.010499992640689015,50.0
actuator,0.010400020983070135,50.0
actuator,0.00899998121894896,50.0
actuator,0.007499998901039362,50.0
actuator,0.009599985787644982,50.0
actuator,0.008499977411702275,50.0
actuator,0.012200005585327744,50.0
actuator,0.011399999493733048,50.0
actuator,0.008200004231184721,50.0
actuator,0.010299991117790341,50.0
actuator,0.006799993570894003,50.0
actuator,0.008000002708286047,50.0
actuator,0.007700000423938036,50.0
actuator,0.03560000914148986,50.0
actuator,0.008500006515532732,50.0
actuator,0.008200004231184721,50.0
actuator,0.008499977411702275,50.0
actuator,0.007400027243420482,50.0
actuator,0.008200004231184721,50.0
actuator,0.005599984433501959,50.0
actuator,0.005399982910603285,50.0
actuator,0.008800008799880743,50.0
actuator,0.011900003300979733,50.0
actuator,0.008500006515532732,50.0
actuator,0.008499977411702275,50.0
actuator,0.0053000112529844046,50.0
actuator,0.009599985787644982,50.0
actuator,0.01069999416358769,50.0
actuator,0.005299982149153948,50.0
actuator,0.007700000423938036,50.0
actuator,0.005699985194951296,50.0
actuator,0.004999979864805937,50.0
actuator,0.007800001185387373,50.0
actuator,0.007800001185387373,50.0
actuator,0.006699992809444666,50.0
actuator,0.009500014130026102,50.0
actuator,0.0049000082071870565,50.0
actuator,0.005599984433501959,50.0
actuator,0.00969998654909432,50.0
actuator,0.008800008799880743,50.0
actuator,0.005299982149153948,50.0
actuator,0.009299983503296971,50.0
actuator,0.005500012775883079,50.0
actuator,0.0052000104915350676,50.0
actuator,0.006499991286545992,50.0
actuator,0.005699985194951296,50.0
actuator,0.006299989763647318,50.0
actuator,0.00689999433234334,50.0
actuator,0.008100003469735384,50.0
actuator,0.0050000089686363935,50.0
actuator,0.0047000066842883825,50.0
actuator,0.005499983672052622,50.0
actuator,0.0048000074457377195,50.0
actuator,0.010799994925037026,50.0
actuator,0.0048000074457377195,50.0
actuator,0.007199996616691351,50.0
actuator,0.008500006515532732,50.0
actuator,0.0047000066842883825,50.0
actuator,0.0050000089686363935,50.0
actuator,0.006799993570894003,50.0
actuator,0.007199996616691351,50.0
actuator,0.006300018867477775,50.0
actuator,0.005999987479299307,50.0
actuator,0.006300018867477775,50.0
actuator,0.005499983672052622,50.0
actuator,0.007300026481971145,50.0
actuator,0.008000002708286047,50.0
actuator,0.005699985194951296,50.0
actuator,0.00580001506023109,50.0
actuator,0.007299997378140688,50.0
actuator,0.0039000005926936865,50.0
actuator,0.005600013537332416,50.0
actuator,0.005500012775883079,50.0
actuator,0.005199981387704611,50.0
actuator,0.007199996616691351,50.0
actuator,0.0049000082071870565,50.0
actuator,0.005699985194951296,50.0
actuator,0.0049000082071870565,50.0
actuator,0.004599976819008589,50.0
actuator,0.008100003469735384,50.0
actuator,0.006399990525096655,50.0
actuator,0.0045000051613897085,50.0
actuator,0.011399999493733048,50.0
actuator,0.006299989763647318,50.0
actuator,0.0036999990697950125,50.0
actuator,0.00580001506023109,50.0
actuator,0.0051000097300857306,50.0
actuator,0.0050000089686363935,50.0
actuator,0.0053000112529844046,50.0
actuator,0.00580001506023109,50.0
actuator,0.005599984433501959,50.0
actuator,0.0044000043999403715,50.0
actuator,0.006699992809444666,50.0
actuator,0.0171000137925148,50.0
actuator,0.008600007276982069,50.0
actuator,0.0039000005926936865,50.0
actuator,0.0053000112529844046,50.0
actuator,0.006200018106028438,50.0
actuator,0.0048000074457377195,50.0
actuator,0.0044000043999403715,50.0
actuator,0.006699992809444666,50.0
actuator,0.0036999990697950125,50.0
actuator,0.0040000013541430235,50.0
actuator,0.0047000066842883825,50.0
actuator,0.005599984433501959,50.0
actuator,0.007100024959072471,50.0
actuator,0.00580001506023109,50.0
actuator,0.006000016583129764,50.0
actuator,0.017799990018829703,50.0
actuator,0.008500006515532732,50.0
actuator,0.005999987479299307,50.0
actuator,0.009099981980398297,50.0
actuator,0.006399990525096655,50.0
actuator,0.005199981387704611,50.0
actuator,0.012300006346777081,50.0
actuator,0.0053000112529844046,50.0
actuator,0.01300001167692244,50.0
actuator,0.005699985194951296,50.0
actuator,0.01650000922381878,50.0
actuator,0.0042000028770416975,50.0
actuator,0.0048999791033566,50.0
actuator,0.0037999998312443495,50.0
actuator,0.005599984433501959,50.0
actuator,0.0053000112529844046,50.0
actuator,0.0049000082071870565,50.0
actuator,0.006299989763647318,50.0
actuator,0.007599999662488699,50.0
actuator,0.007300026481971145,50.0
actuator,0.004799978341907263,50.0
actuator,0.0039000005926936865,50.0
actuator,0.008899980457499623,50.0
actuator,0.006599992047995329,50.0
actuator,0.012400007108226418,50.0
actuator,0.007099995855242014,50.0
actuator,0.006300018867477775,50.0
actuator,0.005600013537332416,50.0
actuator,0.006999995093792677,50.0
actuator,0.012200005585327744,50.0
actuator,0.004199973773211241,50.0
actuator,0.0050000089686363935,50.0
actuator,0.007200025720521808,50.0
actuator,0.005099980626255274,50.0
actuator,0.008600007276982069,50.0
actuator,0.007800001185387373,50.0
actuator,0.007099995855242014,50.0
actuator,0.005400012014433742,50.0
actuator,0.0052000104915350676,50.0
actuator,0.005500012775883079,50.0
actuator,0.010000017937272787,50.0
actuator,0.03739999374374747,50.0
actuator,0.006699992809444666,50.0
actuator,0.008299975888803601,50.0
actuator,0.006499991286545992,50.0
actuator,0.022299995180219412,50.0
actuator,0.0047000066842883825,50.0
actuator,0.004599976819008589,50.0
actuator,0.010399991879239678,50.0
actuator,0.008600007276982069,50.0
actuator,0.008500006515532732,50.0
actuator,0.006000016583129764,50.0
actuator,0.008600007276982069,50.0
actuator,0.006399990525096655,50.0
actuator,0.008700008038431406,50.0
actuator,0.007499998901039362,50.0
actuator,0.007299997378140688,50.0
actuator,0.0048000074457377195,50.0
actuator,0.005500012775883079,50.0
actuator,0.006799993570894003,50.0
actuator,0.005499983672052622,50.0
actuator,0.008000002708286047,50.0
actuator,0.011100026313215494,50.0
actuator,0.007800001185387373,50.0
actuator,0.008200004231184721,50.0
actuator,0.009300012607127428,50.0
actuator,0.0048000074457377195,50.0
actuator,0.008200004231184721,50.0
actuator,0.007599999662488699,50.0
actuator,0.007099995855242014,50.0
actuator,0.0050000089686363935,50.0
actuator,0.004999979864805937,50.0
actuator,0.005499983672052622,50.0
actuator,0.007299997378140688,50.0
actuator,0.00890000956133008,50.0
actuator,0.007700000423938036,50.0
actuator,0.007800001185387373,50.0
actuator,0.005500012775883079,50.0
actuator,0.005399982910603285,50.0
actuator,0.008700008038431406,50.0
actuator,0.007099995855242014,50.0
actuator,0.004699977580457926,50.0
actuator,0.006300018867477775,50.0
actuator,0.0049000082071870565,50.0
actuator,0.02609999501146376,50.0
actuator,0.011600001016631722,50.0
actuator,0.0050000089686363935,50.0
actuator,0.0046000059228390455,50.0
actuator,0.02099998528137803,50.0
actuator,0.00580001506023109,50.0
actuator,0.006600021151825786,50.0
actuator,0.00869997893460095,50.0
actuator,0.010000017937272787,50.0
actuator,0.009399984264746308,50.0
actuator,0.008100003469735384,50.0
actuator,0.009300012607127428,50.0
actuator,0.008899980457499623,50.0
actuator,0.008400005754083395,50.0
actuator,0.007000024197623134,50.0
actuator,0.008200004231184721,50.0
actuator,0.009100011084228754,50.0
actuator,0.00890000956133008,50.0
actuator,0.005799985956400633,50.0
actuator,0.00790000194683671,50.0
actuator,0.008200004231184721,50.0
actuator,0.007700000423938036,50.0
actuator,0.007299997378140688,50.0
actuator,0.008300004992634058,50.0
actuator,0.007100024959072471,50.0
actuator,0.007199996616691351,50.0
actuator,0.00790000194683671,50.0
actuator,0.008000002708286047,50.0
actuator,0.006599992047995329,50.0
actuator,0.009000010322779417,50.0
actuator,0.00689999433234334,50.0
actuator,0.006499991286545992,50.0
actuator,0.009200011845678091,50.0
actuator,0.00899998121894896,50.0
actuator,0.00869997893460095,50.0
actuator,0.01069999416358769,50.0
actuator,0.011099997209385037,50.0
actuator,0.009800016414374113,50.0
actuator,0.00990001717582345,50.0
actuator,0.011199997970834374,50.0
actuator,0.010300020221620798,50.0
actuator,0.007800001185387373,50.0
actuator,0.009200011845678091,50.0
actuator,0.011099997209385037,50.0
actuator,0.008399976650252938,50.0
actuator,0.02300000051036477,50.0
actuator,0.009599985787644982,50.0
actuator,0.009599985787644982,50.0
actuator,0.009099981980398297,50.0
actuator,0.012200005585327744,50.0
actuator,0.010000017937272787,50.0
actuator,0.01069999416358769,50.0
actuator,0.008000002708286047,50.0
actuator,0.008099974365904927,50.0
actuator,0.010399991879239678,50.0
actuator,0.011199997970834374,50.0
actuator,0.028400012524798512,50.0
actuator,0.017099984688684344,50.0
actuator,0.02239999594166875,50.0
actuator,0.015300000086426735,50.0
actuator,0.011500000255182385,50.0
actuator,0.012200005585327744,50.0
actuator,0.014599994756281376,50.0
actuator,0.011600001016631722,50.0
actuator,0.010599993402138352,50.0
actuator,0.033899996196851134,50.0
actuator,0.013100012438371778,50.0
actuator,0.01200000406242907,50.0
actuator,0.009899988071992993,50.0
actuator,0.008000002708286047,50.0
actuator,0.012199976481497288,50.0
actuator,0.00990001717582345,50.0
actuator,0.010000017937272787,50.0
actuator,0.012800010154023767,50.0
actuator,0.009700015652924776,50.0
actuator,0.009800016414374113,50.0
actuator,0.011199997970834374,50.0
actuator,0.01200000406242907,50.0
actuator,0.010400020983070135,50.0
actuator,0.011600001016631722,50.0
actuator,0.011199997970834374,50.0
actuator,0.008199975127354264,50.0
actuator,0.00790000194683671,50.0
actuator,0.008000002708286047,50.0
actuator,0.009299983503296971,50.0
actuator,0.009899988071992993,50.0
actuator,0.008600007276982069,50.0
actuator,0.010399991879239678,50.0
actuator,0.009099981980398297,50.0
actuator,0.007499998901039362,50.0
actuator,0.008100003469735384,50.0
actuator,0.011399999493733048,50.0
actuator,0.013200013199821115,50.0
actuator,0.00790000194683671,50.0
actuator,0.007700000423938036,50.0
actuator,0.007499998901039362,50.0
actuator,0.009200011845678091,50.0
actuator,0.009400013368576765,50.0
actuator,0.011000025551766157,50.0
actuator,0.009000010322779417,50.0
actuator,0.007700000423938036,50.0
actuator,0.0109999964479357,50.0
actuator,0.007800001185387373,50.0
actuator,0.008800008799880743,50.0
actuator,0.008400005754083395,50.0
actuator,0.008400005754083395,50.0
actuator,0.00999998883344233,50.0
actuator,0.009299983503296971,50.0
actuator,0.009700015652924776,50.0
actuator,0.005099980626255274,50.0
actuator,0.009700015652924776,50.0
actuator,0.009799987310543656,50.0
actuator,0.006999995093792677,50.0
actuator,0.007299997378140688,50.0
actuator,0.008600007276982069,50.0
actuator,0.008799979696050286,50.0
actuator,0.00969998654909432,50.0
actuator,0.010399991879239678,50.0
actuator,0.009000010322779417,50.0
actuator,0.009000010322779417,50.0
actuator,0.00790000194683671,50.0
actuator,0.009499985026195645,50.0
actuator,0.008200004231184721,50.0
actuator,0.007899972843006253,50.0
actuator,0.008799979696050286,50.0
actuator,0.012500007869675756,50.0
actuator,0.007599999662488699,50.0
actuator,0.010599993402138352,50.0
actuator,0.008400005754083395,50.0
actuator,0.008800008799880743,50.0
actuator,0.008100003469735384,50.0
actuator,0.007099995855242014,50.0
actuator,0.007299997378140688,50.0
actuator,0.008100003469735384,50.0
actuator,0.009099981980398297,50.0
actuator,0.008000002708286047,50.0
actuator,0.011500000255182385,50.0
actuator,0.009799987310543656,50.0
actuator,0.00890000956133008,50.0
actuator,0.010499992640689015,50.0
actuator,0.01930000144056976,50.0
actuator,0.008100003469735384,50.0
actuator,0.011800002539530396,50.0
actuator,0.009200011845678091,50.0
actuator,0.010899995686486363,50.0
actuator,0.008700008038431406,50.0
actuator,0.007499998901039362,50.0
actuator,0.010499992640689015,50.0
actuator,0.00899998121894896,50.0
actuator,0.009399984264746308,50.0
actuator,0.008700008038431406,50.0
actuator,0.010100018698722124,50.0
actuator,0.007700000423938036,50.0
actuator,0.007599999662488699,50.0
actuator,0.04659997648559511,50.0
actuator,0.008899980457499623,50.0
actuator,0.007099995855242014,50.0
actuator,0.010099989594891667,50.0
actuator,0.009799987310543656,50.0
actuator,0.007800001185387373,50.0
actuator,0.010599993402138352,50.0
actuator,0.010599993402138352,50.0
actuator,0.007799972081556916,50.0
actuator,0.006999995093792677,50.0
actuator,0.007800001185387373,50.0
actuator,0.008500006515532732,50.0
actuator,0.009300012607127428,50.0
actuator,0.008200004231184721,50.0
actuator,0.006599992047995329,50.0
actuator,0.008500006515532732,50.0
actuator,0.009399984264746308,50.0
actuator,0.009199982741847634,50.0
actuator,0.009500014130026102,50.0
actuator,0.008799979696050286,50.0
actuator,0.011600001016631722,50.0
actuator,0.00790000194683671,50.0
actuator,0.008300004992634058,50.0
actuator,0.011199997970834374,50.0
actuator,0.00969998654909432,50.0
actuator,0.008700008038431406,50.0
actuator,0.013399985618889332,50.0
actuator,0.009000010322779417,50.0
actuator,0.008600007276982069,50.0
actuator,0.013199984095990658,50.0
actuator,0.009100011084228754,50.0
actuator,0.008800008799880743,50.0
actuator,0.012300006346777081,50.0
actuator,0.009600014891475439,50.0
actuator,0.009500014130026102,50.0
actuator,0.009500014130026102,50.0
actuator,0.007499998901039362,50.0
actuator,0.10599999222904444,50.0
actuator,0.008300004992634058,50.0
actuator,0.01170000177808106,50.0
actuator,0.00969998654909432,50.0
actuator,0.010799994925037026,50.0
actuator,0.009500014130026102,50.0
actuator,0.0109999964479357,50.0
actuator,0.009599985787644982,50.0
actuator,0.010300020221620798,50.0
actuator,0.010800024028867483,50.0
actuator,0.014199991710484028,50.0
actuator,0.00990001717582345,50.0
actuator,0.010599993402138352,50.0
actuator,0.011099997209385037,50.0
actuator,0.010299991117790341,50.0
actuator,0.012800010154023767,50.0
actuator,0.007800001185387373,50.0
actuator,0.040000013541430235,50.0
actuator,0.009899988071992993,50.0
actuator,0.010199990356341004,50.0
actuator,0.008400005754083395,50.0
actuator,0.01170000177808106,50.0
actuator,0.00790000194683671,50.0
actuator,0.010199990356341004,50.0
actuator,0.00990001717582345,50.0
actuator,0.008800008799880743,50.0
actuator,0.009400013368576765,50.0
actuator,0.005599984433501959,50.0
actuator,0.005499983672052622,50.0
actuator,0.004999979864805937,50.0
actuator,0.006599992047995329,50.0
actuator,0.005199981387704611,50.0
actuator,0.005399982910603285,50.0
actuator,0.007599999662488699,50.0
actuator,0.007800001185387373,50.0
actuator,0.009800016414374113,50.0
actuator,0.00790000194683671,50.0
actuator,0.008100003469735384,50.0
actuator,0.006699992809444666,50.0
actuator,0.0053000112529844046,50.0
actuator,0.008300004992634058,50.0
actuator,0.0047000066842883825,50.0
actuator,0.005700014298781753,50.0
actuator,0.0041000021155923605,50.0
actuator,0.007800001185387373,50.0
actuator,0.005599984433501959,50.0
actuator,0.005799985956400633,50.0
actuator,0.009399984264746308,50.0
actuator,0.0047000066842883825,50.0
actuator,0.008499977411702275,50.0
actuator,0.0049000082071870565,50.0
actuator,0.007800001185387373,50.0
actuator,0.005199981387704611,50.0
actuator,0.005400012014433742,50.0
actuator,0.008400005754083395,50.0
actuator,0.0048999791033566,50.0
actuator,0.007700000423938036,50.0
actuator,0.005999987479299307,50.0
actuator,0.006599992047995329,50.0
actuator,0.006399990525096655,50.0
actuator,0.007399998139590025,50.0
actuator,0.005999987479299307,50.0
actuator,0.0048999791033566,50.0
actuator,0.010899995686486363,50.0
actuator,0.007399998139590025,50.0
actuator,0.006199989002197981,50.0
actuator,0.008700008038431406,50.0
actuator,0.012800010154023767,50.0
actuator,0.00890000956133008,50.0
actuator,0.008500006515532732,50.0
actuator,0.007800001185387373,50.0
actuator,0.0045000051613897085,50.0
actuator,0.009199982741847634,50.0
actuator,0.011399999493733048,50.0
actuator,0.013100012438371778,50.0
actuator,0.00969998654909432,50.0
actuator,0.005900015821680427,50.0
actuator,0.009100011084228754,50.0
actuator,0.008400005754083395,50.0
actuator,0.006999995093792677,50.0
actuator,0.005700014298781753,50.0
actuator,0.0048999791033566,50.0
actuator,0.006500020390376449,50.0
actuator,0.007399998139590025,50.0
actuator,0.00689999433234334,50.0
actuator,0.005299982149153948,50.0
actuator,0.005600013537332416,50.0
actuator,0.005400012014433742,50.0
actuator,0.008500006515532732,50.0
actuator,0.005700014298781753,50.0
actuator,0.005499983672052622,50.0
actuator,0.007700000423938036,50.0
actuator,0.006799993570894003,50.0
actuator,0.008000002708286047,50.0
actuator,0.00790000194683671,50.0
actuator,0.005499983672052622,50.0
actuator,0.0049000082071870565,50.0
actuator,0.006499991286545992,50.0
actuator,0.010400020983070135,50.0
actuator,0.007099995855242014,50.0
actuator,0.009399984264746308,50.0
actuator,0.0052000104915350676,50.0
actuator,0.008100003469735384,50.0
actuator,0.008599978173151612,50.0
actuator,0.007299997378140688,50.0
actuator,0.009800016414374113,50.0
actuator,0.009400013368576765,50.0
actuator,0.010199990356341004,50.0
actuator,0.008199975127354264,50.0
actuator,0.0051000097300857306,50.0
actuator,0.009299983503296971,50.0
actuator,0.005799985956400633,50.0
actuator,0.009800016414374113,50.0
actuator,0.00689999433234334,50.0
actuator,0.008500006515532732,50.0
actuator,0.008299975888803601,50.0
actuator,0.009800016414374113,50.0
actuator,0.0049000082071870565,50.0
actuator,0.00990001717582345,50.0
actuator,0.011199997970834374,50.0
actuator,0.008800008799880743,50.0
actuator,0.005600013537332416,50.0
actuator,0.008500006515532732,50.0
actuator,0.008500006515532732,50.0
actuator,0.007499998901039362,50.0
actuator,0.007800001185387373,50.0
e2e,0.7907999970484525,180.0
e2e,0.1875000016298145,180.0
e2e,0.09339998359791934,180.0
e2e,0.11790002463385463,180.0
e2e,0.08839997462928295,180.0
e2e,0.10419997852295637,180.0
e2e,0.16349999350495636,180.0
e2e,0.15949999215081334,180.0
e2e,0.24809999740682542,180.0
e2e,0.1477000187151134,180.0
e2e,0.21340002422221005,180.0
e2e,0.10950001887977123,180.0
e2e,0.15320000238716602,180.0
e2e,0.14119999832473695,180.0
e2e,0.1804000057745725,180.0
e2e,0.32800002372823656,180.0
e2e,0.1807000080589205,180.0
e2e,0.1024999946821481,180.0
e2e,0.12499999138526618,180.0
e2e,0.10639999527484179,180.0
e2e,0.132200017105788,180.0
e2e,0.12069998774677515,180.0
e2e,0.19990000873804092,180.0
e2e,0.1343000039923936,180.0
e2e,0.23219999275170267,180.0
e2e,0.11039999662898481,180.0
e2e,0.14109999756328762,180.0
e2e,0.12749998131766915,180.0
e2e,0.17579999985173345,180.0
e2e,0.12810001499019563,180.0
e2e,0.1382000045850873,180.0
e2e,0.1990000018849969,180.0
e2e,0.14859999646432698,180.0
e2e,0.18030000501312315,180.0
e2e,0.1373999984934926,180.0
e2e,0.14639997971244156,180.0
e2e,0.11389999417588115,180.0
e2e,0.12399998377077281,180.0
e2e,0.18700002692639828,180.0
e2e,0.21319999359548092,180.0
e2e,0.16870000399649143,180.0
e2e,0.12410001363605261,180.0
e2e,0.156299996888265,180.0
e2e,0.09240000508725643,180.0
e2e,0.20910002058371902,180.0
e2e,0.09899999713525176,180.0
e2e,0.1120000088121742,180.0
e2e,0.17820001812651753,180.0
e2e,0.14680001186206937,180.0
e2e,0.08540000999346375,180.0
e2e,0.09059999138116837,180.0
e2e,0.14879999798722565,180.0
e2e,0.13950001448392868,180.0
e2e,0.11100000119768083,180.0
e2e,0.1281999866478145,180.0
e2e,0.11079999967478216,180.0
e2e,0.13339999713934958,180.0
e2e,0.1303000026382506,180.0
e2e,0.13810000382363796,180.0
e2e,0.1246000174432993,180.0
e2e,0.14779999037273228,180.0
e2e,0.14650000957772136,180.0
e2e,0.20519999088719487,180.0
e2e,0.2339000056963414,180.0
e2e,0.34649998997338116,180.0
e2e,0.11140000424347818,180.0
e2e,0.15709997387602925,180.0
e2e,0.1412999990861863,180.0
e2e,0.2567000046838075,180.0
e2e,0.16090000281110406,180.0
e2e,0.18770000315271318,180.0
e2e,0.10380000458098948,180.0
e2e,0.14269998064264655,180.0
e2e,0.12969999806955457,180.0
e2e,0.1545000122860074,180.0
e2e,0.14620000729337335,180.0
e2e,0.2659000165294856,180.0
e2e,0.5033000197727233,180.0
e2e,0.1669999910518527,180.0
e2e,0.14760001795366406,180.0
e2e,0.16530000721104443,180.0
e2e,0.22819999139755964,180.0
e2e,0.2773999876808375,180.0
e2e,0.3583999932743609,180.0
e2e,0.24360002134926617,180.0
e2e,0.2741999924182892,180.0
e2e,0.2682000049389899,180.0
e2e,0.45140000293031335,180.0
e2e,0.3364000003784895,180.0
e2e,0.1542000100016594,180.0
e2e,0.22220000391826034,180.0
e2e,0.7080000068526715,180.0
e2e,0.2308000111952424,180.0
e2e,0.1838000025600195,180.0
e2e,0.24220001068897545,180.0
e2e,0.20440001389943063,180.0
e2e,0.21440000273287296,180.0
e2e,0.19469999824650586,180.0
e2e,0.2212999970652163,180.0
e2e,0.16189998132176697,180.0
e2e,0.21180001203902066,180.0
e2e,1.3673999928869307,180.0
e2e,0.529199984157458,180.0
e2e,0.17710000975057483,180.0
e2e,0.20559999393299222,180.0
e2e,0.2727000101003796,180.0
e2e,0.16160000814124942,180.0
e2e,0.7543000101577491,180.0
e2e,0.21040000137872994,180.0
e2e,0.1880000054370612,180.0
e2e,0.21670002024620771,180.0
e2e,0.21349999587982893,180.0
e2e,0.1480999926570803,180.0
e2e,0.11690001701936126,180.0
e2e,0.17400001524947584,180.0
e2e,0.18549998640082777,180.0
e2e,0.10299999848939478,180.0
e2e,0.12339997920207679,180.0
e2e,0.16869997489266098,180.0
e2e,0.12790001346729696,180.0
e2e,0.1720000000204891,180.0
e2e,0.18840000848285854,180.0
e2e,0.1336999994236976,180.0
e2e,0.2072000061161816,180.0
e2e,0.14439999358728528,180.0
e2e,0.10830000974237919,180.0
e2e,0.13840000610798597,180.0
e2e,0.16480000340379775,180.0
e2e,0.14299998292699456,180.0
e2e,0.18569998792372644,180.0
e2e,0.13390000094659626,180.0
e2e,0.155999994603917,180.0
e2e,0.2345999819226563,180.0
e2e,0.18440000712871552,180.0
e2e,0.2486000012140721,180.0
e2e,0.19329998758621514,180.0
e2e,0.2083999861497432,180.0
e2e,0.11930000619031489,180.0
e2e,0.11539997649379075,180.0
e2e,0.13190001482143998,180.0
e2e,0.09610000415705144,180.0
e2e,0.13550001312978566,180.0
e2e,0.1438999897800386,180.0
e2e,0.1272000081371516,180.0
e2e,0.1221999991685152,180.0
e2e,0.13050000416114926,180.0
e2e,0.09450002107769251,180.0
e2e,0.1331999956164509,180.0
e2e,0.13189998571760952,180.0
e2e,0.135600013891235,180.0
e2e,0.17099999240599573,180.0
e2e,0.11139997513964772,180.0
e2e,0.16349999350495636,180.0
e2e,0.1449999981559813,180.0
e2e,0.3797000099439174,180.0
e2e,0.11309998808428645,180.0
e2e,0.10619999375194311,180.0
e2e,0.1404999929945916,180.0
e2e,0.11749999248422682,180.0
e2e,0.29479997465386987,180.0
e2e,0.1807000080589205,180.0
e2e,0.17939999816007912,180.0
e2e,0.08820000221021473,180.0
e2e,0.24699998903088272,180.0
e2e,0.11660001473501325,180.0
e2e,0.19230000907555223,180.0
e2e,0.1925000105984509,180.0
e2e,0.13080000644549727,180.0
e2e,0.1823000202421099,180.0
e2e,0.17680000746622682,180.0
e2e,0.30089999199844897,180.0
e2e,0.25969999842345715,180.0
e2e,0.11100000119768083,180.0
e2e,0.21739999647252262,180.0
e2e,0.21850000484846532,180.0
e2e,0.18339999951422215,180.0
e2e,0.20810001296922565,180.0
e2e,0.37250001332722604,180.0
e2e,0.09819999104365706,180.0
e2e,0.20700000459328294,180.0
e2e,0.25320000713691115,180.0
e2e,0.1753999968059361,180.0
e2e,0.11560000712051988,180.0
e2e,0.23849998251534998,180.0
e2e,0.14029999147169292,180.0
e2e,0.14519999967887998,180.0
e2e,0.10989999282173812,180.0
e2e,0.14819999341852963,180.0
e2e,0.16599998343735933,180.0
e2e,0.08949998300522566,180.0
e2e,0.47369999811053276,180.0
e2e,0.14329998521134257,180.0
e2e,0.21269998978823423,180.0
e2e,0.44319999869912863,180.0
e2e,0.14650000957772136,180.0
e2e,0.13150001177564263,180.0
e2e,0.19149997388012707,180.0
e2e,0.20140002015978098,180.0
e2e,0.1647000026423484,180.0
e2e,0.1269000058528036,180.0
e2e,0.18599999020807445,180.0
e2e,0.1404999929945916,180.0
e2e,0.25260000256821513,180.0
e2e,0.17690000822767615,180.0
e2e,0.22079999325796962,180.0
e2e,0.19640001119114459,180.0
e2e,0.40180000360123813,180.0
e2e,0.17309997929260135,180.0
e2e,0.21979998564347625,180.0
e2e,0.26030000299215317,180.0
e2e,0.25370001094415784,180.0
e2e,0.19649998284876347,180.0
e2e,0.1537000061944127,180.0
e2e,0.15159999020397663,180.0
e2e,0.1750999945215881,180.0
e2e,0.15979999443516135,180.0
e2e,0.18689999706111848,180.0
e2e,0.20050001330673695,180.0
e2e,0.15189999248832464,180.0
e2e,0.16240001423284411,180.0
e2e,0.13679999392479658,180.0
e2e,0.3488000074867159,180.0
e2e,0.18930001533590257,180.0
e2e,0.11059999815188348,180.0
e2e,0.15350000467151403,180.0
e2e,0.8033000049181283,180.0
e2e,0.12850001803599298,180.0
e2e,0.21930001094006002,180.0
e2e,0.12099999003112316,180.0
e2e,0.1370999962091446,180.0
e2e,0.21800000104121864,180.0
e2e,0.2060999977402389,180.0
e2e,0.1286999904550612,180.0
e2e,0.26339999749325216,180.0
e2e,0.1841000048443675,180.0
e2e,0.13020000187680125,180.0
e2e,0.21229998674243689,180.0
e2e,0.4901000065729022,180.0
e2e,0.19029999384656549,180.0
e2e,0.18239999189972878,180.0
e2e,0.14260000898502767,180.0
e2e,0.1883000077214092,180.0
e2e,0.21659999038092792,180.0
e2e,0.44899998465552926,180.0
e2e,0.15949999215081334,180.0
e2e,0.1601999974809587,180.0
e2e,0.20439998479560018,180.0
e2e,0.1500000071246177,180.0
e2e,0.18919998547062278,180.0
e2e,0.21749999723397195,180.0
e2e,0.152900000102818,180.0
e2e,0.1632000203244388,180.0
e2e,0.18080000882036984,180.0
e2e,0.20410001161508262,180.0
e2e,0.20379998022690415,180.0
e2e,0.2049999893642962,180.0
e2e,0.18790000467561185,180.0
e2e,0.1084999821614474,180.0
e2e,0.17549999756738544,180.0
e2e,0.2136999974027276,180.0
e2e,0.17290000687353313,180.0
e2e,0.11829999857582152,180.0
e2e,0.1309000072069466,180.0
e2e,0.20989999757148325,180.0
e2e,0.28539999038912356,180.0
e2e,0.15159999020397663,180.0
e2e,0.17839999054558575,180.0
e2e,0.13359999866224825,180.0
e2e,0.11399999493733048,180.0
e2e,0.16369999502785504,180.0
e2e,0.1669999910518527,180.0
e2e,0.1427999814040959,180.0
e2e,0.14600000577047467,180.0
e2e,0.13219998800195754,180.0
e2e,0.15130001702345908,180.0
e2e,0.1812000118661672,180.0
e2e,0.5341999931260943,180.0
e2e,0.15960002201609313,180.0
e2e,0.15499998698942363,180.0
e2e,0.1545000122860074,180.0
e2e,0.12710000737570226,180.0
e2e,0.2364999963901937,180.0
e2e,0.13770000077784061,180.0
e2e,0.10620002285577357,180.0
e2e,0.15300000086426735,180.0
e2e,0.12700000661425292,180.0
e2e,0.3409000055398792,180.0
e2e,0.13930001296103,180.0
e2e,0.15440001152455807,180.0
e2e,0.10649999603629112,180.0
e2e,0.1914000022225082,180.0
e2e,0.15350000467151403,180.0
e2e,0.14860002556815743,180.0
e2e,0.19699998665601015,180.0
e2e,0.2572000084910542,180.0
e2e,0.3009000211022794,180.0
e2e,0.15750000602565706,180.0
e2e,0.15360000543296337,180.0
e2e,0.22490002447739244,180.0
e2e,0.2342000079806894,180.0
e2e,0.2690000110305846,180.0
e2e,0.18420000560581684,180.0
e2e,0.2300000051036477,180.0
e2e,0.17210000078193843,180.0
e2e,0.19660001271404326,180.0
e2e,0.17510002362541854,180.0
e2e,0.1863999932538718,180.0
e2e,0.2652999828569591,180.0
e2e,0.21570001263171434,180.0
e2e,0.2544999879319221,180.0
e2e,0.1694000093266368,180.0
e2e,0.14089999604038894,180.0
e2e,0.3226000117138028,180.0
e2e,0.36860001273453236,180.0
e2e,0.1474000164307654,180.0
e2e,0.17590000061318278,180.0
e2e,0.17309997929260135,180.0
e2e,0.1944000250659883,180.0
e2e,0.3339999821037054,180.0
e2e,0.22489999537356198,180.0
e2e,0.3142999776173383,180.0
e2e,0.2114999806508422,180.0
e2e,0.12600002810359,180.0
e2e,0.2004000125452876,180.0
e2e,0.6606999959331006,180.0
e2e,0.39549998473376036,180.0
e2e,0.7627999875694513,180.0
e2e,0.22509999689646065,180.0
e2e,0.19489999976940453,180.0
e2e,1.9023000204470009,180.0
e2e,0.2185999765060842,180.0
e2e,0.4683000151999295,180.0
e2e,0.19520000205375254,180.0
e2e,0.34950001281686127,180.0
e2e,0.2294000005349517,180.0
e2e,0.27310001314617693,180.0
e2e,0.27639998006634414,180.0
e2e,0.1962000096682459,180.0
e2e,0.1928999845404178,180.0
e2e,0.1728000061120838,180.0
e2e,0.20000000949949026,180.0
e2e,0.18920001457445323,180.0
e2e,0.5053000058978796,180.0
e2e,0.24339999072253704,180.0
e2e,0.3691999881993979,180.0
e2e,0.32759999157860875,180.0
e2e,0.2935000229626894,180.0
e2e,0.3195999888703227,180.0
e2e,0.37239998346194625,180.0
e2e,0.8043000125326216,180.0
e2e,0.25680000544525683,180.0
e2e,0.24449999909847975,180.0
e2e,0.18839997937902808,180.0
e2e,0.37880000309087336,180.0
e2e,0.22250000620260835,180.0
e2e,0.16759999562054873,180.0
e2e,0.18649999401532114,180.0
e2e,0.23659999715164304,180.0
e2e,0.1875000016298145,180.0
e2e,0.21229998674243689,180.0
e2e,0.18699999782256782,180.0
e2e,0.18580001778900623,180.0
e2e,0.20310000400058925,180.0
e2e,0.25469998945482075,180.0
e2e,0.22680000984109938,180.0
e2e,0.1886999816633761,180.0
e2e,0.20779998158104718,180.0
e2e,0.1650999765843153,180.0
e2e,0.25699997786432505,180.0
e2e,0.4904000088572502,180.0
e2e,0.16750002396292984,180.0
e2e,0.23850001161918044,180.0
e2e,0.2159999858122319,180.0
e2e,0.18900001305155456,180.0
e2e,0.1765000051818788,180.0
e2e,0.12820001575164497,180.0
e2e,0.2865999995265156,180.0
e2e,0.22680000984109938,180.0
e2e,0.2612000098451972,180.0
e2e,0.16289998893626034,180.0
e2e,0.1640999980736524,180.0
e2e,0.374399998690933,180.0
e2e,0.20290000247769058,180.0
e2e,0.17939999816007912,180.0
e2e,0.2764000091701746,180.0
e2e,0.2114000089932233,180.0
e2e,0.2327999973203987,180.0
e2e,0.222100003156811,180.0
e2e,0.15330000314861536,180.0
e2e,0.18429997726343572,180.0
e2e,0.15800000983290374,180.0
e2e,0.1323999895248562,180.0
e2e,0.1914000022225082,180.0
e2e,0.18689999706111848,180.0
e2e,0.22909999825060368,180.0
e2e,0.12290000449866056,180.0
e2e,0.16670001787133515,180.0
e2e,0.2032000047620386,180.0
e2e,0.145800004247576,180.0
e2e,0.1598999951966107,180.0
e2e,0.21630001720041037,180.0
e2e,0.1655000087339431,180.0
e2e,0.19699998665601015,180.0
e2e,0.2714000002015382,180.0
e2e,0.26069997693412006,180.0
e2e,0.1847999810706824,180.0
e2e,0.17300000763498247,180.0
e2e,0.15949999215081334,180.0
e2e,0.20899999071843922,180.0
e2e,0.16620001406408846,180.0
e2e,0.1545000122860074,180.0
e2e,1.2058999855071306,180.0
e2e,0.17970000044442713,180.0
e2e,0.22899999748915434,180.0
e2e,0.17710000975057483,180.0
e2e,0.1781000173650682,180.0
e2e,0.23669999791309237,180.0
e2e,0.17019998631440103,180.0
e2e,0.15979999443516135,180.0
e2e,0.1373999984934926,180.0
e2e,0.40520000038668513,180.0
e2e,0.229199999012053,180.0
e2e,0.23740000324323773,180.0
e2e,0.23590002092532814,180.0
e2e,0.21239998750388622,180.0
e2e,0.22050002007745206,180.0
e2e,0.19729998894035816,180.0
e2e,0.18619999173097312,180.0
e2e,0.2373000024817884,180.0
e2e,0.1878999755717814,180.0
e2e,0.23940001847222447,180.0
e2e,0.15589999384246767,180.0
e2e,0.16930000856518745,180.0
e2e,0.40499999886378646,180.0
e2e,0.2108000044245273,180.0
e2e,0.19030002295039594,180.0
e2e,0.2108000044245273,180.0
e2e,0.1947999990079552,180.0
e2e,0.1723000023048371,180.0
e2e,0.1601999974809587,180.0
e2e,0.31010000384412706,180.0
e2e,0.21229998674243689,180.0
e2e,0.1996000064536929,180.0
e2e,0.19249998149462044,180.0
e2e,0.5090000049676746,180.0
e2e,0.1542000100016594,180.0
e2e,0.20370000856928527,180.0
e2e,0.7078999769873917,180.0
e2e,0.19419999443925917,180.0
e2e,0.17559999832883477,180.0
e2e,0.15890001668594778,180.0
e2e,0.2398999931756407,180.0
e2e,0.2072999777738005,180.0
e2e,0.54519998957403,180.0
e2e,0.20979999681003392,180.0
e2e,0.18590001855045557,180.0
e2e,0.26509998133406043,180.0
e2e,0.16629998572170734,180.0
e2e,0.23430000874213874,180.0
e2e,0.2505000156816095,180.0
e2e,0.16830000095069408,180.0
e2e,0.2440999960526824,180.0
e2e,0.2507000172045082,180.0
e2e,0.2001000102609396,180.0
e2e,0.23659999715164304,180.0
e2e,0.20820001373067498,180.0
e2e,0.30610000248998404,180.0
e2e,0.1810000103432685,180.0
e2e,0.17529999604448676,180.0
e2e,0.159399991389364,180.0
e2e,0.18429997726343572,180.0
e2e,0.20920002134516835,180.0
e2e,0.6089999806135893,180.0
e2e,0.2094999945256859,180.0
e2e,0.20300000323913991,180.0
e2e,0.20899999071843922,180.0
e2e,0.2959999837912619,180.0
e2e,0.4886999959126115,180.0
e2e,0.14859999646432698,180.0
e2e,0.1795999996829778,180.0
e2e,0.22399998852051795,180.0
e2e,0.16339999274350703,180.0
e2e,0.384599989047274,180.0
e2e,0.18489998183213174,180.0
e2e,0.23010000586509705,180.0
e2e,0.23689999943599105,180.0
e2e,0.28750000637955964,180.0
e2e,1.0201999975834042,180.0
e2e,0.2789999998640269,180.0
e2e,0.2547999902162701,180.0
e2e,0.19279998377896845,180.0
e2e,0.4327000060584396,180.0
e2e,0.45629998203366995,180.0
e2e,0.16830000095069408,180.0
e2e,0.1640999980736524,180.0
e2e,0.2793999738059938,180.0
e2e,0.21639998885802925,180.0
e2e,0.3597000031732023,180.0
e2e,0.2958000113721937,180.0
e2e,0.24380002287216485,180.0
e2e,0.2077000099234283,180.0
e2e,0.14709998504258692,180.0
e2e,0.19660001271404326,180.0
e2e,0.19720001728273928,180.0
e2e,0.1640999980736524,180.0
e2e,0.15839998377487063,180.0
e2e,0.15969999367371202,180.0
e2e,0.1336000277660787,180.0
e2e,0.12240000069141388,180.0
e2e,0.1644000003580004,180.0
e2e,0.12139999307692051,180.0
e2e,0.12240000069141388,180.0
e2e,0.10859998292289674,180.0
e2e,0.13580001541413367,180.0
e2e,0.14519999967887998,180.0
e2e,0.12889999197795987,180.0
e2e,0.1517999917268753,180.0
e2e,0.1336999994236976,180.0
e2e,0.12850001803599298,180.0
e2e,0.22250000620260835,180.0
e2e,0.11289998656138778,180.0
e2e,0.1613000058569014,180.0
e2e,0.1269000058528036,180.0
e2e,0.17319998005405068,180.0
e2e,0.16679998952895403,180.0
e2e,0.13199998647905886,180.0
e2e,0.5173999816179276,180.0
e2e,0.09519999730400741,180.0
e2e,0.22250000620260835,180.0
e2e,0.14360001659952104,180.0
e2e,0.16150000737980008,180.0
e2e,0.17189999925903976,180.0
e2e,0.12660000356845558,180.0
e2e,0.12039998546242714,180.0
e2e,0.13520001084543765,180.0
e2e,0.149200001033023,180.0
e2e,0.1571000029798597,180.0
e2e,0.1697000116109848,180.0
e2e,0.22950000129640102,180.0
e2e,0.1446999958716333,180.0
e2e,0.14949997421354055,180.0
e2e,0.1576000067871064,180.0
e2e,0.14070002362132072,180.0
e2e,0.1829999964684248,180.0
e2e,0.13760000001639128,180.0
e2e,0.1838000025600195,180.0
e2e,0.18509998335503042,180.0
e2e,0.10829998063854873,180.0
e2e,0.14029999147169292,180.0
e2e,0.1880000054370612,180.0
e2e,0.2744999947026372,180.0
e2e,0.15219999477267265,180.0
e2e,0.11870000162161887,180.0
e2e,0.17720001051202416,180.0
e2e,0.13160001253709197,180.0
e2e,0.11439999798312783,180.0
e2e,0.16719999257475138,180.0
e2e,0.1412000274285674,180.0
e2e,0.12119999155402184,180.0
e2e,0.14560000272467732,180.0
e2e,0.12229999992996454,180.0
e2e,0.15330000314861536,180.0
e2e,0.1314000110141933,180.0
e2e,0.15169999096542597,180.0
e2e,0.12410001363605261,180.0
e2e,0.16460000188089907,180.0
e2e,0.12859998969361186,180.0
e2e,0.14230000670067966,180.0
e2e,0.12290000449866056,180.0
e2e,0.11950000771321356,180.0
e2e,0.16339999274350703,180.0
e2e,0.1362999901175499,180.0
e2e,0.18309999722987413,180.0
e2e,0.13570001465268433,180.0
e2e,0.1993000041693449,180.0
e2e,0.2796000044327229,180.0
e2e,0.18760000239126384,180.0
e2e,0.1592000189702958,180.0
e2e,0.16670001787133515,180.0
e2e,0.1776000135578215,180.0
e2e,0.18630002159625292,180.0
e2e,0.16150000737980008,180.0
e2e,0.24870000197552145,180.0
e2e,0.14940000255592167,180.0
e2e,0.24839999969117343,180.0
e2e,0.1697000116109848,180.0
e2e,0.16689999029040337,180.0
e2e,0.17670000670477748,180.0
e2e,0.2114000089932233,180.0
e2e,0.3457999846432358,180.0
e2e,0.13770000077784061,180.0
e2e,0.14910000027157366,180.0
e2e,0.19380002049729228,180.0
e2e,0.15090001397766173,180.0
e2e,0.12829998740926385,180.0
e2e,2.0493999763857573,180.0
e2e,0.18110001110471785,180.0
e2e,0.145800004247576,180.0
e2e,0.10710000060498714,180.0
e2e,0.13680002302862704,180.0
e2e,0.19640001119114459,180.0
e2e,0.1601999974809587,180.0
e2e,0.22690001060254872,180.0
